mw_id,ce_id
HEX0105-0008,c303eed3-1f0c-449b-94e8-778cf4e4b191
KHX0917-0008,c1093acf-5bda-4a4b-9524-be5355718ef4
KHX1638-0016,bc30cd32-27f1-4723-9c9f-ded9a9bd39b4
JK238064-0002,0eb6a157-826e-42f8-89fd-6f85091ca6db
KHX0790-0004,8577dbe9-4405-476f-a186-3bf6df69d525
KHX0917-0009,b8708147-ae67-4e52-b414-d3f3d22db4c1
HEX3166-0020,52ba020d-ac4e-42db-8b85-676b897f209d
KHX0748-0004,5e0ba011-ccf8-456f-8950-78009c4beab2
HEX9039-0002,fd4806ca-6039-43e8-bf13-144bdb609406
HEX9399-0009,52944879-d9a1-4ecf-a631-cefb1544d519
JE25135-0008,06695770-8b3d-4277-b69e-def9afee4016
HEX5108-0003,6bc70dcd-6fc8-4347-864e-2969705bf102
HEX7622-0002,93f05d4c-8c9b-4257-83fd-e6f5346db439
HEX8308-0023,6f10d6d7-58a5-4abd-86c7-a6b9bcc0b161
KHX0920-0006,fbd041a9-1a9a-43bf-97a1-6f7c217045f8
KHX0700-0002,1385df5e-6d45-43ea-b6ae-f83f5e8d7dd1
KHX2901-0018,68015faa-f2c2-4866-b4b2-67f7c43243f4
KHX0272-0014,ebb476f5-7bcd-42a6-9d69-782e61b4c138
HEX14391-0013,f792b62c-a94a-44f1-8cc1-663467035850
KHX0332-0021,fd856cb8-7f02-48fe-bdfc-3f8b2530d80b
HEX9150-0010,9c16efbd-329b-4d07-b375-3f8076805e32
HEX6970-0020,98c5df8b-e6fa-4ef7-86ea-be5aee44e062
HEX0558-0007,3b111dc8-43c2-450f-b999-cb5f8d97f001
HEX9128-0014,94da948b-46a8-44bf-b462-4f76f269f7ed
HEX2253-0014,94abb5b3-59b5-44af-b950-2dd99bd97e01
HEX14686-0017,3fcd66e7-f9b0-49a6-87d2-c5ecb2a0fed4
HEX9394-0002,4eb30919-bd0b-47f3-bff7-aa30770b96f0
HEX6475-0011,e8068eac-098c-4589-b22c-eb2917ca9fa0
HEX12394-0046,76161bf0-a589-460c-bc25-675f674587ce
HEX6113-0008,cc411a6e-3b4d-4907-811d-1789d72224e3
HEX8581-0012,c485d626-10ff-4839-992b-fd4aa8c41b0b
HEX14697-0013,58afdee9-4578-4e2f-a220-6c9f43b086f5
HEX7878-0003,68395c85-a737-4f74-a43c-3cc99b06f31b
HEX7686-0007,1d7b1e07-1915-49b3-ae57-936e1e860d37
HEX4886-0012,a601939b-0876-47b6-aa1b-451881c558ac
HEX5683-0009,bfc9eb2f-8f48-4c0f-8c21-fd91c26db842
HEX11860-0004,f372b8b4-22ca-4528-bdce-e8d4e8982d3d
HEX11860-0001,6bca0710-8411-4eb5-b288-64655621c014
HEX15093-0014,b41d9990-46ae-401d-8c92-91686f7dc2b3
KHX0467-0009,49a19ed4-e84d-4b33-996a-02575967bdfc
HEX10343-0009,6b12115f-02e5-40e1-8f47-b6be831d0fe9
HEX10756-0005,6c006d24-39fe-4400-86e6-b12f130533ea
HEX11472-0006,27f45412-1dfc-4afa-9196-b73e6ad1adb0
HEX15154-0005,6042ebfe-5297-4682-bd81-01aac318e170
HEX6530-0003,bdc0e092-68ae-47e2-8e56-06cd17b38b89
HEX4123-0003,ba5f8a4a-2b62-466d-822b-fb46b7698200
JK205161-0008,609fc128-5d3b-436c-9b09-fbce98eb5fed
KHX1445-0002,b27ce7a0-4ed7-4266-ab31-5469b1395d46
HEX15132-0062,157f7938-4508-475d-bbe2-8a0a3a8567cc
HEX12360-0001,5f054c7a-d6b7-469c-9845-15420a7d8195
KHX0117-0021,0c740ac4-551b-47a5-b33c-482514fceea4
JK178550-0008,067fae4f-ff75-4838-b9de-b0d16a58c5b4
KHX1538-0005,eb26ff6d-c97d-44ee-938a-0b87741ba4ae
KHX1528-0012,00af5d81-d721-4770-8b4b-0af6e6f470f9
KHX2264-0004,d560e10a-b476-40d2-b0a1-ffc744ec9b03
KHX0534-0001,1fe9fca9-5c63-4d1c-95bf-f11129b8fb09
KHX1111-0016,2a358c33-19f6-475a-b5e7-d835872a5ebe
KHX0644-0026,a21e0133-22c0-4f8a-87eb-648c7846d800
JK178550-0007,e5a72ac9-212b-4785-a791-5f36922daf4e
HEX8027-0004,43a283e6-44ec-4d4c-8567-36bb7c64c363
HEX13782-0010,af3291fd-e762-463c-9769-805a8d107d47
HEX4709-0002,01764d00-203d-42af-8f13-50cdd052eeab
HEX5200-0012,c298eddc-bb4b-487c-b68c-a107f5e2494c
HEX7595-0009,0558aad2-88c5-4ca6-875d-0fc6276fe915
HEX13782-0001,6f0dbe39-9f7a-4b02-8615-9af8cc58942f
HEX8272-0013,dc0bc25f-4486-4568-8733-177d848e5238
JK131421-0003,8f595b19-a6c1-47be-a0c6-c2959bce99f1
KHX2260-0010,7b30c23e-4574-484e-bd7a-b59e1ed6e193
HEX5404-0009,19de11f4-b896-47d7-af39-169a27285616
KHX2944-0012,1d4b1628-9125-4e23-8d23-908facd897d1
KHX1622-0020,1dd33d72-53f2-403b-bde9-6e695c5c4fbc
HEX6298-0004,825786b1-1b52-4eba-ab1f-a2950f84e264
HEX2986-0002,ec7a48b7-e7db-48f8-87a1-a8b70dab8462
HEX9022-0018,aa832552-00f0-4e45-b590-b7db989b982d
HEX6178-0010,bf458e95-9675-4960-96dc-f5c3ea6bd80f
KHX0770-0005,5cdb6f7e-c025-4f78-b2d7-3e8382fb67cd
HEX11578-0020,58c39d1f-da28-463f-9150-a94a2ae5e4da
HEX6326-0002,9be76aea-bd03-4150-a008-43e22140e459
HEX14872-0007,19b7b779-0467-469d-85c2-e15d28e803aa
HEX10464-0023,6f9814c4-666e-4e67-82ef-2ee7f56f1947
HEX13931-0003,9abc3550-6452-4193-8273-064152de7614
HEX7682-0007,6fd2ce49-5707-4072-861e-7e44a837f2ee
HEX12651-0010,a0d1a1c7-8f64-4d02-9346-a3c3c654705e
HEX15255-0005,9a504584-f59c-4a05-980c-944fdbe4a021
HEX1643-0004,7161d0a6-c96e-4742-a77f-a1f43973d201
HEX5444-0018,01d3648f-4562-476d-a704-253c11c92bb5
JE25998-0009,972cd4b0-8281-42d4-b800-1ccfd641ad25
KHX1130-0012,f312085c-efc3-4e63-9498-053ce8530210
KHX2707-0001,93f8bac6-b749-4077-904a-20d18181d1c3
KHX0347-0005,21d5dd49-fe14-4cab-a43c-7f6b1ebcce0e
KHX0743-0002,3862a921-ca32-4b2b-b4cf-fad74f598895
HEX9022-0021,6c48aeb0-4cc2-41d2-ae02-abfafedfe0ab
HEX8729-0003,0114ea29-a706-4e9d-866b-eb491bcca384
KHX2376-0017,7295de40-8f8f-421a-9a19-2f2ba9efff3e
HEX14828-0006,fa327baa-22f3-4761-89cf-a9f0fd86be01
HEX2380-0004,8c24c0ee-69cd-4948-b648-564c7c6127c4
HEX6814-0004,35768811-d034-45ab-b3c8-07e1c62270ac
HEX9475-0010,f6d97e98-8127-421b-8858-a1187153d5b5
KHX2581-0001,a075a662-291f-4518-b4bf-df218fa7f892
HEX15083-0002,df89341b-fabe-4924-91e4-dfccbe1ae6b8
HEX4183-0012,0ecbad26-3312-4469-b58e-4ca87d746201
HEX7638-0005,b6135368-2f19-49fc-ba64-cd4141077558
HEX9475-0006,2c479095-9bb2-4be0-bc77-9eb43d01a174
KHX1601-0001,05f49201-fa65-4186-944e-8bd5369e6475
HEX14927-0009,9cc3b626-8215-4879-b127-061568092e06
HEX14367-0007,65559f4a-0694-47af-a687-5aa1e624cf5c
HEX1789-0009,6c8cd9eb-fe81-4296-9474-7638ff3e6caa
HEX6814-0013,ed5955e3-f1ec-4889-8cae-6d566f3a35c8
KHX1357-0003,e198dd28-0831-4416-b8b0-0db52b8bbcc5
HEX1201-0009,42812a95-70bf-40da-a17e-90368f6550a9
KHX1357-0010,a015b833-42cd-4290-833c-1e541be528ea
HEX2688-0007,3f944f43-e0a8-4118-8a6d-537ed00de145
HEX6445-0012,35e73038-739f-423c-9f7e-b50a4a537394
HEX14367-0002,448c8f59-b3b8-4819-83ea-93085e16c434
KDX2430-0013,414daa5d-b6c5-40b8-aa24-5bafe65f18a9
JK221778-0006,cbe90dd4-3e23-40fd-8e83-7b123dd24a45
KDX2411-0003,a4a1552a-4931-45b1-8496-98a84cc1f452
KDX1793-0002,47ef2636-df5c-4db5-b4e6-dc0fc403637c
KDX2216-0004,226ffb12-7e87-41ed-9991-0ae708b37914
KDX2533-0009,65e34d2e-d0a6-47c6-9327-79d3f273644e
KDX2465-0004,152303a8-7aae-4622-b32b-89bd2f97bdef
KDX1793-0015,f2869cd9-59fa-4cfa-8911-57fb80381877
KDX2286-0005,2914ee7e-74f2-4062-912d-c2b7bea3c17f
KDX2022-0014,bb50587f-9996-4b79-b642-53594100a8d3
DJX0935-0024,29c05dad-bfdc-4c13-a4bd-9554f3066c70
HEX14955-0001,f4b7c79e-47a8-4f69-8130-9c572cb5a450
KDX1682-0002,55d71461-e304-45d5-8989-d9bedc311ef1
KDX0395-0002,7d838ada-a3cc-4d04-8122-fd31884cd560
KDX1844-0002,b7ec6ecc-5751-4fdb-9c9f-e029d5a6fb3e
KDX1458-0002,58c11585-c6a1-4dc2-8f56-166227ac025a
KDX1983-0003,b75256cb-d4a1-4ee8-8705-4bfc19ae47dc
KDX1302-0019,a2a652ef-beaa-44c2-8cfe-eef182fa8a7b
DJX0935-0014,7b1e3807-ca19-4876-baa6-75acff662057
KDX1016-0014,a290747a-a698-4216-943a-20eec3e80411
HEX6612-0010,b4c5acf9-cf37-4a56-8722-f001f2081c7d
JK236267-0004,267b958f-0b4c-419c-ba47-755a1b1fa8d8
JK243299-0011,0630aa25-abe1-403d-b7f8-4026c542da21
KHX0384-0023,33430b29-abf9-4b91-ab65-250c0934744d
KHX0981-0002,ab5f3a73-241f-4f4d-8dc7-a9948eed1e8c
JK207122-0007,6e6047e4-253f-4ae8-88dc-be3dc6427429
HEX5737-0007,adb22940-1560-4226-83c4-5dc2aa2854be
JK243299-0007,80d0a3a5-7de3-4709-a0df-8c0903be8fdb
KHX0981-0005,95a81d4e-6f92-467e-ae74-7429275663c0
JK243300-0005,08a291cd-65eb-49ce-b57a-e4fa911113c0
HEX5540-0002,f36a85c0-7a3b-42d1-9318-c9f2d26ac4f1
HEX5540-0001,8e7dd549-2747-4bb5-9e74-c585733ec4dd
KHX0384-0030,3c8a55bd-72de-4fea-aeaa-433060601a42
KHX1680-0005,cab3e64c-c2b2-4daa-9f65-5fa9ad0132fe
HEX5540-0011,8d9d2fde-bac8-49cb-bfb9-7f8418984011
KHX1680-0006,b820fb91-464c-4944-9805-a6622ec7cfe7
KHX0981-0001,c263361d-89c4-4124-97d4-17c79067a7ca
JK207122-0005,fe06c060-276c-4b80-9326-06ed05f3b169
JK236267-0006,e987cbf0-e810-4fc5-be2a-ac71d65d20d5
JK207122-0001,d4746f06-5564-4769-9469-1fa9377ab578
KDX0983-0004,80549456-8e86-41d7-9c2e-f033fcae4ef9
KDX1022-0005,67e548ee-7698-4241-9de2-3912b15cb5c7
KDX1878-0002,9fbc63d3-b404-4713-a186-4221be3dce0f
KDX2236-0005,357042e1-4d06-43bf-8633-f975d2367f37
KDX1022-0006,b0806080-19b8-4500-992d-2f63642eb40e
KDX0984-0003,861a2994-db14-4239-8a73-58838a201dd5
KDX0996-0002,1ea2efbd-bceb-469c-afb5-fd3515e174e7
KDX0996-0007,85edab5e-09fb-425b-8e23-269032d1ac1a
KDX0996-0011,af1b69dd-a5dc-4f8b-b77c-96d77432c7b1
KDX0996-0014,06d406f4-c89d-4bd0-b113-73b3129cb641
KDX0057-0002,ea00a1ec-3ba1-4038-80af-efed7ff782d2
KDX0057-0004,b81a1631-eb02-476d-9bb3-1050dfbaf519
KDX0608-0007,9d4e023c-42df-4820-89a7-983f61c617ff
KDX0983-0003,280d2049-9016-43fc-b344-02f70dcb00c5
KDX2275-0010,da6b9cce-0fa7-4ed6-80dc-16e77eb72d6f
KDX0057-0009,cb7cde03-3291-4f23-ae7e-6d8d31852592
KDX0121-0003,aee2e9fa-d486-4e5e-b3de-7f9894a50d3c
KDX0121-0005,2cb765e6-2c8a-47e5-b974-af3ef2ae4083
KDX0608-0004,1705e3d3-c78f-49b0-8e1b-8d08fb62702e
KDX0983-0001,6b45dce9-e1dd-43ba-89be-eab9726d0d12
KDX1577-0007,e560803a-7ae2-4944-9776-d4d32e05999e
JE10357-0001,eedfa241-683e-4f12-8d39-20ae6efa0104
JE44762-0007,9c9040e3-e047-4487-bb68-d03a61737649
JK139911-0009,c29070ee-197d-49bf-915b-49a6f97f4782
KDX2710-0013,b25a8833-dd9f-4ce2-9e4e-9242ed880a7e
JE10357-0003,9ba70528-a4f8-4a8c-9d85-c16c715d40e8
JK201405-0006,ce7a13c4-eccd-438c-8e17-9ad12735c768
JK215625-0006,cbaa9233-d135-49eb-8e46-d83b7fc1b242
KDX0772-0012,0508d479-2fb7-4051-b2b4-361beddda0c7
KDX1589-0006,cfdb619f-36f6-4f81-b3bb-5051940abda8
HEX12283-0010,39710e9e-bdb3-4c0e-9c86-da809f45483a
HEX7525-0009,ba93cd0c-707c-43d3-95a1-441b7d9fb792
KDX1172-0002,99125201-b321-456f-b3c3-6dee9cf53b3a
KDX1781-0002,35be4f51-ea08-4767-bc55-05637ce38704
JE33601-0001,b2f6d9d9-4bce-46bc-8ec9-58e3fb576f4b
KDX0250-0001,9269d771-287a-4131-a215-25d2880381eb
KDX1099-0010,cef53dca-a9d5-4a9b-b4c8-79e3b1465441
KDX1363-0008,5fa22819-3da3-4ca7-9bab-376f5d4790ca
KDX1474-0008,2a7e3ebe-d232-4446-8279-e5bad6cbb902
KDX2710-0005,76857e35-2e4f-4d08-9284-44859d0f0ca3
HEX14544-0074,b00b6903-9e61-49ed-8d56-40e9b5f430df
HEX5981-0010,b0c648d3-be32-43c5-bafc-c98dbcc4c414
HEX6240-0016,7ef658b2-f161-4add-9f10-835dcfe98641
KHX0485-0007,54f160e5-5a8b-4a11-a43b-2fc07a6406ae
JK147607-0001,c1fa8045-af4f-4294-8b20-e5483987394b
JK147607-0003,65a5dba3-e8cb-4e9b-9117-abd88318e798
JK147607-0008,7505ce41-8a75-4932-ada4-0cf6f6724435
JK158864-0002,a6161752-af75-4101-922f-3ff37284f63c
JK158864-0003,6ee1018d-eafb-4848-baf9-3355f7387dc9
HEX12026-0071,b051cfcb-34ca-4bff-9d6a-a561b6f6a5ae
HEX6467-0003,5ebdd752-a4ff-4d7d-adef-6155c217d87e
KHX0830-0011,8f99809c-75d6-4d33-b9ec-2372a306acf7
KHX0534-0002,8f9f2ac1-36f0-46ec-9612-4515de22eb32
HEX7254-0004,ef44e7df-1917-46eb-8e66-963dd1859db8
KHX1528-0024,e35df16e-8072-400c-ba48-87c5f631d336
KHX1616-0012,fbf0081e-6fc1-4b0e-aada-7f39aa9ff6f8
KHX2443-0004,9ca5c4bf-d09b-4ced-b7b5-c12f98c88704
KHX2443-0009,d2b51a43-f82f-408e-acfa-be42356dce0b
KHX1528-0017,af435b7a-19d2-4288-9518-cfe942e1833f
HEX13148-0032,1fb60b20-24e2-4395-a7a9-c7ef44a508e5
HEX11524-0007,c79e39d3-90fe-4c89-a35a-661e838d80be
HEX11057-0019,37c8f33c-626d-4f44-91b4-d43fd9239890
HEX11558-0027,c7b4ee59-be9c-4fb3-b531-d136e40ec9ba
HEX1567-0006,d7296a3c-3103-4f77-b391-a50a9f97ad0e
HEX2822-0005,f774c14b-f5d1-497f-a7d0-c08e4245f58e
HEX5676-0010,b470461e-43c1-4e29-bd26-9e2490f94f6f
HEX6382-0002,4a19a1f0-e8f9-400b-9ffa-856c66d4ef1b
HEX7732-0008,f18660fc-b554-4022-9738-65e9f265fc39
KHX2495-0008,7cbad621-4ce1-4b49-9592-fd6fdb410525
KHX2012-0011,7a838fbd-473b-4000-b0c4-c087b1c76e8f
KHX2604-0004,90b7a686-da9c-4750-ad63-00afb93dce6d
JFX3478-0004,eccc61a0-7ce7-4124-85c9-63dd9033c6c0
HEX9967-0014,e71c3062-6277-4c04-879d-18d987e1637c
HEX8195-0007,0073f2f4-b373-498f-8498-93846b2e62b7
HEX0705-0019,f1c1d08b-6ce5-4c8f-9f3b-a0337fdddf81
HEX2429-0004,a0513363-5fa0-43f6-8a3f-e642624480ad
HEX7037-0003,0139638e-b13e-4725-866b-de61636c1881
KHX2301-0009,8b764d23-b849-4a9c-878f-516db084426f
KHX2394-0029,a3d576c3-7479-45f8-85ec-35cb1e6b975c
HEX0544-0007,8324ac83-bb2e-4adb-88e3-791897ab0128
HEX10541-0003,75a80b16-c36c-46c1-9b6d-eae3282c2746
HEX10541-0011,7eec2f93-eebc-4177-af71-b4583870a0fc
HEX10900-0010,e2a09234-e8bc-4a4a-8112-22bfbc09b933
HEX11900-0004,008485d1-057a-4b38-970a-c280d78092e6
HEX7450-0004,fc755efb-5065-4696-994e-ccc2a6f2f434
HEX7450-0013,f3538411-690c-44c8-9bc9-6f402a07d2d0
HEX7450-0014,910c4df5-1d7c-4817-98f4-b98fe76c96b1
HEX7730-0003,a409a67a-3fbe-44e5-8fb4-37e60d43c83b
HEX7730-0009,4a56267b-dde5-4879-a740-94ca201fded2
HEX0293-0009,4fa22276-1816-46ad-a846-583ba7c675b4
HEX10900-0022,905d1b6c-9274-45b8-847c-7959ff687a58
HEX2643-0005,df424905-50b6-4a11-be30-67abc2727e1e
HEX2643-0008,e326eaa2-2071-4148-bbeb-41ec81daad4e
HEX2643-0003,993cb646-634e-4336-83fd-2b1aeaa1d5df
KHX0927-0003,69c804a5-b998-403b-b986-93cd65c5cc7a
KHX0927-0011,585359f0-fdbf-46db-80e3-eaa4bab914ef
KHX0927-0023,4020679d-21c5-4325-8fc0-061fc14b4950
HEX4424-0008,ff93be73-eb58-4a11-9523-e8af374d3c84
HEX4424-0001,f1d13a75-0c93-4167-876f-e16193da2f41
HEX7428-0016,69f4ea55-d5d5-40c1-a344-b57c4de0603a
HEX14325-0003,82999747-e654-4d5d-b721-eef343ad94f3
LAX2638-0010,0c9308d1-6c19-4c14-ab32-596a71bfc822
LAX2638-0004,adcf1974-ccd0-4642-975a-8c5b4641441c
HEX14325-0004,114e0286-5fec-4e68-8213-5b38a65c93d5
HEX14517-0016,6396d6e2-989e-43f9-8596-64aa412dc408
LAX2638-0015,3363a2e5-2657-49a8-9dfa-c7b7fbc466df
JK190257-0001,affb7e31-0e43-4cd2-aa38-223b4fca2411
KHX2782-0007,ca82f19e-9d82-4060-9edb-2ed2637386e9
KHX1585-0017,49cd16ff-7172-4998-993b-7e400c3876cc
HEX9803-0014,c7a57eec-9040-4c5d-be27-6c74489ffaa5
HEX15069-0004,8f9e1e22-8301-4a8c-9e8f-4ad100498e98
HEX9803-0004,fcda5cce-c468-4fd5-a240-353055f3b331
HEX9834-0011,e727f658-1f34-4b18-9322-e4f8107d7552
KHX1585-0018,cd2c7230-dff0-4c86-b162-388c5f668610
HEX9435-0006,5cfe3742-8873-4344-9d22-0baa5b293afa
HEX7424-0009,5cb1f482-ebbd-47b4-918e-508627afa701
KLX0545-0020,e09bcfe0-8d75-401c-89c0-b7b74ac8c437
HEX15069-0003,23190edc-097b-4854-9cdf-39b7495b8283
JK107880-0007,13704d24-784d-426e-a494-61f305e68e47
KEX1229-0010,2f51634c-6a1e-4ce6-9cd2-a93070b05b77
HEX5421-0009,5f3051dc-0f87-48e9-84d7-99b09346bc11
HEX5372-0002,b0575701-eb63-4c33-8e95-c0ba528fe6df
HEX6794-0014,de90c985-b776-4163-bbe7-869a8f56f796
KEX1238-0003,47b8725c-903c-44a9-b62b-401073ec7692
HEX1240-0001,b1f56f9b-afac-48f2-ab5f-8c1e631941f4
KEX1440-0001,38edd539-a390-43e9-b4f9-c90dc272570d
JK54106-0003,e208a0f6-df34-459f-bd30-1709dfc78e77
HEX13650-0012,578bbb4f-35bf-4eab-8652-fea6f896728e
KEX1218-0011,1469fdc6-8f6d-45e9-91ea-934d07774755
KEX0561-0004,5901c883-92c6-4e04-9cec-1d6e682e2d9c
KEX1195-0006,82411277-1a51-4e4a-b792-c2dd91fafd87
JK116914-0010,87f32d0a-1bf9-41f5-8e55-38846c98ed1c
KEX1252-0010,a9e12a86-d828-4321-b9a0-e31f79095fa9
KEX1242-0002,04a43622-cc61-4d76-9346-eb19d40b42da
HEX1410-0001,0ba9a56d-4e5d-403c-bb21-32cbda57a900
HEX1764-0005,b18c0be5-2bdf-4ce2-8eac-1850136a22ca
KEX1323-0007,5512dab1-44c1-415b-b45a-3caa2cb10c49
KEX1195-0001,73edd178-d72c-4e5e-8c9f-f03baac0e908
HEX1468-0008,f98cd09c-4225-4e1c-abfd-b02dcde6ffdd
HEX15221-0017,68bcb607-17ef-4c54-8c8d-63bc6a8f5121
HEX5940-0013,f4340053-ce2f-40d6-8578-57cfbdbbb84f
HEX7361-0002,c3604fe2-93eb-4997-a109-90d4f9c22a14
KHX0656-0003,b1b05b7e-1033-4c00-9c18-c5f373648638
HEX9641-0004,f133fc00-ab8b-45c8-ae9e-6064bcf2f91a
JK103835-0006,843a11c1-b189-4ca8-ab0e-bb882fafd693
JK136421-0011,afeb7f21-1ae7-489e-a2f6-433c58495d58
JK147861-0005,fcfd1ef5-e557-4828-81ab-4adff65b5483
HEX11242-0010,08bc142f-2f84-4114-a024-cdd0f04f40b3
HEX4394-0005,fbe3caff-7a50-498a-95e7-549c53659937
KHX0204-0009,0d1d69f2-f654-4345-9495-a90a7c6d09b4
KHX1799-0003,bfd949e2-0d8b-4335-8ce8-d22c109d6f8d
KHX1465-0003,9d0fb079-d3e2-4a5a-b514-b4df625269e5
JHX4077-0008,dd5eb2fa-cd85-4020-bbd7-754092ba2a92
KHX0346-0011,91c07c90-061b-4829-8f2d-7e1e82378a00
KHX0616-0018,c4c6e186-2d92-4a97-a861-2c8b20ddc77b
KHX1661-0004,47e705a5-2399-4655-b12f-9a3e07aac766
KHX2702-0016,793b07a1-47d4-4d04-b89d-68b5d37e16c0
HDX4887-0003,e894c59f-1fa0-4da8-86cd-30f996b5f786
HEX0203-0007,87719688-e8c9-4610-99ee-53b8c935be90
HEX11978-0024,97f02c4b-2f65-42b4-ac7d-af297a9ff249
HEX2329-0001,0cc1a819-0102-4e20-8d7a-fb895b467816
HEX4245-0005,1fddfdfa-0447-4c7d-b2c7-9dbd4c3acea9
HEX2585-0010,820e608c-1174-4ce5-9eab-999061defd53
JK220617-0007,677bfe5b-86c6-4c39-8a3b-6f6cbdd437dd
JK129607-0009,cc2784aa-782b-4ced-94c5-98067177aba1
JK130925-0001,fc4f0dbf-b01e-4b73-bc60-e7ed1a2adc71
HEX4510-0002,2b7ead28-e142-4f25-991f-0944c41cccfd
HEX6393-0016,01836674-470f-42a5-9a2d-d6a39f72593d
KHX1358-0009,7ae057d8-5a5a-410e-ae69-5599b062feac
JK243927-0009,21cfc310-cc94-4386-b0de-1e90584b61f9
HEX0966-0020,bc06c258-2ee8-481f-84cb-f2462214621b
HEX11582-0010,a972427c-3253-4721-9887-6d4fac69d23e
KHX2617-0001,467accef-6bc4-4df4-8930-446a016ec658
KHX2681-0014,d21d8c41-bc5f-4b8b-96bc-e2c31390a4eb
HEX13908-0011,906d8088-33ee-4c7b-b515-652680fbc8d9
KDX1509-0005,a70a52e0-20b5-4a87-91f5-adfa0cc17daa
KJX0974-0010,12268bf7-0c9c-4e8c-9dbe-8886eeb9ff3f
KJX1462-0002,23a0be08-2999-43fa-9c99-296cb4967d84
KJX3042-0002,8083ca8b-39f5-4cc4-b1cb-153ccc5c060a
KJX4429-0009,d9ff57c6-8545-4ff3-a22d-240dbf6d97ae
KJX4324-0001,f1c282e1-070f-4862-a0bf-2a760f3a8a41
KJX4125-0010,debd881c-7c51-42e2-97a5-658c1bf6f667
KJX3956-0007,8bd3ec67-6cb6-4ef4-b3e9-5f1941015a7e
KJX3778-0001,30830fff-7c9a-4515-afbc-c6c5b0a5eb5d
KJX4139-0001,f3d5834b-e76b-4598-8cc0-0b1b23f41d6f
KJX4012-0002,dce9bfcf-13ff-484c-9e2b-02919efe4553
KJX3768-0007,9eb57cce-87eb-450c-b66c-31300cf70dae
KJX3458-0001,42bf39bd-99a3-47ea-ad10-7cfd8a9ec5d5
KJX3363-0008,39a6fc58-6ab7-4c01-b1ea-bac3306906ed
KJX3818-0005,834576c4-c97f-456d-b1ed-1f55365903eb
KJX3372-0005,61938a82-2d82-45aa-90af-b52080f299a8
KJX1725-0001,b412ba2f-0437-4a47-b038-36307d1f5140
KJX1470-0001,6247d8a8-fe0d-4727-bfe8-10285f1428a1
KJX1038-0004,f01b6f20-89eb-414e-9c11-bbc6e27ae368
KHX1076-0002,25a22c3b-8be9-4d34-92e4-c5a368067b72
HEX9756-0014,930bbcd5-00cd-4257-91db-73b7ef24c64f
KHX1585-0005,373fad42-c31d-4e59-b615-e7d6d7704e82
HEX4063-0009,97a9c464-0a89-4b80-9822-a5db8a09509c
KHX2397-0003,b00d2b32-b544-44ef-90ac-e162569a0de0
KHX2782-0013,96ddea79-e4f8-46f4-bcf2-29c0cb1e7861
KHX2782-0010,0563af91-f214-4337-a38b-68339bd34ff1
JK190257-0006,41b9460d-0e81-4c59-88f4-b9e358c83e38
KHX2397-0011,ba685ee1-2469-4c22-ab2a-dd092c331d4e
JK190257-0010,d949ecb5-4492-4238-881c-7cbba3c223c5
HEX9803-0009,0d8fd693-78f9-418f-99fe-dc18f3508265
LAX2638-0013,8e252717-1bac-47d6-ab3d-b5f50d600023
HEX9803-0017,cc5eabd9-7375-473f-a1c1-c3465f9bd5b7
HEX9803-0005,428e5920-42fb-47e8-9478-db45986e3345
HEX15069-0002,166a6594-c011-482b-aee6-cf9e9ba28d40
HEX9435-0002,57832d5c-ca07-4409-a4e8-78e11bdb0eb6
KHX0455-0007,a61ddef7-cb94-4abf-a099-f3fd9b7ab033
KHX1074-0015,960bafea-1f96-4bff-a687-c9802132ae07
KHX1115-0007,587bb55d-c2f7-49d9-a690-1dee0af69cd9
KHX0893-0019,349d92a3-e947-4d33-8d74-5f33e36877e3
KHX1025-0020,0520c00e-4037-4918-a3d7-6fcf99cea65b
HEX15179-0031,1fb4058b-fa3b-4312-bafe-078490f12a96
HEX5358-0007,98fde2ec-326d-4f30-968f-71ba73e5e1a7
HEX7289-0007,4aae8d5d-b86e-48fd-a4e4-e8ac657c3ae5
HEX7916-0007,6a09d615-6cc6-41ce-9ac8-3e886b910919
HEX15031-0001,bba44598-1db9-4602-8f6e-d16bec5890c1
HEX8524-0029,0990d263-5d3a-4fb0-b1d7-88481504a263
HEX14708-0006,3ac06dad-4e03-48f0-b002-c453ca35762a
HEX12387-0003,cdab746c-1f46-48bc-9841-1feb9ab07a65
HEX3863-0006,0e3511a7-7ddf-450d-9956-f19e0a2af95d
HEX9165-0005,7b2c8d2d-5dc0-496e-ae88-de5341bc908c
HEX7757-0002,d1e40666-1b29-4feb-868b-0a679697a921
JFX7086-0006,c497df03-3b25-47f1-94ca-d658c4e3be49
KHX0831-0008,05bf20fa-371e-43ff-b2c3-fefede000f02
HEX9819-0007,5e5327f1-59d1-4b0c-b105-97e87f7a2500
KHX1908-0028,1df8bbec-23dd-485b-a7ef-c2fa13a11ec4
HEX4806-0002,c2aa9a3a-3429-4c3b-91a4-94d7c1833da7
HEX9817-0011,ba9a1521-c8c0-4b4f-b585-ba2d4c72850e
HEX10265-0007,6a9a389b-056a-4744-ab8b-282b7240d2c3
HEX13432-0003,c10a947f-5ee8-4fe6-b162-5e0650adcc0d
HEX15122-0012,6333f582-d7e9-46ef-beff-1e1a4769804d
HEX15221-0009,38f7c1e8-fc8f-4b87-ab95-0a5b89986055
KHX1456-0005,53660c7a-80a6-4e0c-9453-27f1830212cf
HEX0841-0005,9dad078a-8310-4ff7-a794-a42430266704
HEX13299-0006,9aaae448-b77f-4a47-b2e6-27a1d2cc07c2
HEX3168-0005,8d33d4ad-2f64-4a3b-9234-4857979da69c
HEX5062-0002,4ba62e1a-bdd4-4000-8f5f-0d87a2f1377b
JK103835-0001,46ef8b03-257a-43dc-9081-4467207027c1
HEX2000-0004,d8b1f48b-6fe1-4c67-b34e-72bc63a987e3
HEX3495-0017,733ad969-346a-4ef5-8b6f-fc29e3487ee2
HEX7249-0005,5d75c773-edc4-4001-bafa-eeee27340a51
JK136421-0017,219b487d-a8b3-4240-abee-e27d259d6415
KHX0346-0017,4dd9c21c-1348-4625-8b2e-28c61ee39e68
HEX5648-0011,7414786a-42fc-4464-917c-e917d025669b
KHX1801-0014,66fe7727-436b-454c-8cd8-102341c8346d
KHX1771-0007,36cdbbaa-6d95-42e8-bde7-b8ca1d033f14
KHX0616-0017,5eb0abd9-7a6d-4fa5-b1ec-49bf35ebe415
KEX1229-0005,dbf32d2c-91a3-40f6-9111-2c4024b5da42
KEX1406-0001,1a14c26e-b621-4e0c-bbc4-f3c4c55d829c
KEX1179-0001,945141b5-d833-479e-b121-6036b40befce
KEX1325-0007,9d4507ca-8ddd-4a2d-86b6-95bf58b1811a
KEX1391-0009,14317127-5564-4e25-aaf7-a6df600f4f60
KEX0521-0009,e0e4f2ca-63d3-4507-a9c4-de2941fa7a83
KEX0521-0008,192a6953-d3d5-4737-8d66-cf2ed6b53acf
KEX1391-0001,70fd101b-a547-48d1-ab83-c359b5b6d706
KEX1420-0004,6ec5101f-0315-4037-a5e6-adebd0751593
HEX14898-0010,e5e16333-7dfe-4bff-bfae-abe5b615d4dd
KEX0838-0002,94ff05ed-f8a2-4b59-a68f-ff19a8919a8b
KEX0838-0007,01aa5c71-3ac4-4282-8dbc-8b5d936b7622
KEX0349-0012,ec8f7593-04fc-4ae7-b5c6-71a23e11798f
HEX13650-0004,7f425dc1-a64d-4ef5-87eb-b6a77065f1dc
JE24089-0004,8cec4916-02ba-41ac-9419-cbda54f6939f
KEX1265-0005,c4ef9ea1-d0b4-4455-ba9f-a72b8f2cd724
HEX9506-0012,173e5af3-9298-410f-b6ec-892c48f373a4
KEX0522-0008,417bac4b-cb20-4085-a0fc-8552c92304c2
HEX1410-0005,ad1b4510-cb92-4d19-95c8-6d4dbe4a2905
KEX0163-0004,b46c48ce-e108-4973-adb2-871f7090673f
DFX0842-0026,130534fe-dc88-4adf-becc-99b9e7dda4ed
DFX0497-0006,b8b52b32-e746-4847-879f-bd18546ba8ae
DFX0382-0050,5f3a6b66-5ce2-4920-9bad-d59b9148ec3e
JKX4050-0006,c656b4ed-407f-4aeb-addb-ab8af16f76e9
JK84703-0006,5096853f-45e0-48dd-9814-fd3d841d52b9
KEX1214-0007,129e2084-b78b-4a4d-8ac8-f679bcada2e5
JK116914-0009,aba660ab-c5a6-4cbe-95b3-de30541fefb7
HEX14681-0009,25b73200-6047-41bc-a0df-e53eae73926c
KEX1447-0003,f8e211ff-9faa-40f4-a0d4-090fca3c57d6
KEX0561-0002,a6058169-532c-4b73-a909-1f6f5e35d54a
KEX1434-0004,8daf93a7-3624-4023-8467-e9742a049a06
KEX1420-0013,b3b70020-6512-47a5-86b7-04cbe96fb8d2
HEX14006-0002,e2869add-14ba-43e7-b382-c8d64a5793b7
KEX1110-0013,929bfde8-a369-4ea7-85dd-5394d26302fe
KEX1447-0005,d8661d96-0803-48e8-8619-40a0b18557a3
KEX0147-0006,b2b9355e-8b73-497c-b9b6-b91679a43816
KEX0956-0015,58d3e46b-730b-4b45-8e8f-d70031ff0004
KEX1172-0002,04efe058-e790-4a1b-83a2-64df2cdfcdf4
KEX1198-0009,ab99b313-f268-4114-b5a6-e3fc0f531ca7
KEX0032-0004,c1cd5c20-8d3f-4717-b555-77ead7339a96
HEX1763-0008,bc2816e9-b6ff-4bdd-9e72-a0c453ac1d9e
HEX14205-0008,bdb1a538-c1db-45e9-8efe-c0bf11b61de1
HEX1410-0003,67f66bc0-a018-4b59-884d-48655e858133
JE43876-0001,90369584-0098-4f29-bb40-36d17b8291d1
KDX0247-0001,4fc8a22f-7dfe-49ca-a073-628bdd511416
KDX1023-0008,9dba586e-ef7e-4857-8036-8468cf74e134
KDX1234-0005,cda9d0bb-8c55-45b7-85d7-1080dc2d7fac
KDX2576-0003,077cb4a2-0853-49e0-95c5-b506d1eb5d39
KDX1593-0001,f99039f6-d861-48a8-9b0a-881f9715b302
KDX1593-0006,860b31ba-0703-4aad-b4bb-78ac278e7d89
KDX2216-0007,707f4dba-74f5-4159-87ed-c9a9a3e84748
KDX1181-0002,fe7f133b-af9e-44b8-bc84-6e600dad7a35
KDX1016-0008,afbbd996-e427-4649-984b-6b2c16f7d14d
KDX1593-0009,07aa08ce-a686-4f17-8a91-c40e5c5280da
KDX1844-0001,db6490b6-77df-40d0-a97e-80465cf7f95d
KDX1144-0005,c1cdcc38-678c-4210-8c8d-dd730986ab5a
HEX14955-0006,a63cdca6-54c6-40ca-985b-d1730fd6eb74
KDX0247-0004,9ac93756-fd64-431f-8b3d-bcb6f5e8eb76
KDX1561-0003,bc3b97f6-feac-463b-ba24-cb9533ae2f3a
KDX2422-0005,3a47ccfe-d1fb-4e2b-99ef-37379fa47877
KDX2430-0001,81f5d1fe-d97f-4e5c-82eb-87b7935daa26
KDX2443-0015,30949ec9-18d8-4977-8189-b31dc3c55377
KDX1899-0002,e1980e04-5344-439b-b0f7-88d58d66f215
JE44361-0008,10cfb6a3-c2c6-435d-ae22-c0f75ab49112
KDX1411-0006,0ff0d499-eb62-421c-8133-5423dbb032a7
JK109150-0008,9ac31b35-2664-4612-8ef2-bfd8f543f2c9
KDX1380-0002,e949ca49-f0a3-4596-8eb1-4f7438f2269f
JE45063-0002,f48bb1b1-2647-430c-935b-fca180ad5a55
JE46032-0004,26761b67-d8e8-40be-b1d7-a79cef70d5c5
JK215431-0023,15fc08e0-2690-46de-a1e1-bb9ed953324b
KDX1383-0006,220b94ac-539e-46a2-a18f-85b9b2468e0a
KDX1471-0013,b86adbeb-67f1-446e-bec6-9e6a36cf5ac4
HEX13651-0008,7438c2f1-37e9-4706-b195-a61622121526
HEX14958-0005,6d0c8d74-c14d-41df-a0fb-1c5b6e90a243
HFX8310-0004,8874c00b-a432-4f63-91b4-fe9a3c491fa8
JE45315-0009,08704c7b-a403-424b-b624-66d18f8eb13f
KDX1505-0005,24de9895-978e-408b-95f1-9305086d54af
HFX8310-0002,73b8bbbf-d86e-44ea-9729-433accdba1d8
JE44666-0001,c404c257-82e9-4b5a-82c1-20dcc9146248
KDX0944-0005,13ba330d-c517-4576-adf3-5c508e0aba22
KDX1357-0002,ba0d10fd-66f5-4970-811f-13ec08bafe5d
KDX1589-0005,c582b080-2372-441e-9b4b-1a5756fe7685
KJX1482-0004,e01c3c95-91ba-49dc-9af4-6c4187e9f8e9
KJX2195-0001,643f493e-fcfa-408e-99c1-42ace167cafb
KDX2722-0010,46a11fab-d7a4-4a31-b7d6-8f5775cd627c
KJX2318-0008,1ccd3ef5-a7cd-4479-8deb-882ca5ed9ed7
KJX2492-0004,a49acbde-faf6-4863-938d-ebe4b4da914c
KJX3797-0004,8ffe3ffa-1e9b-48de-8c7c-59bec11c2b9f
KJX3282-0003,a01c5f4c-a60a-4cfd-a1ed-128e60cb53ea
KJX2648-0006,79af1c9e-38de-43f5-95c2-31ef600633d3
KJX2318-0003,a438d111-c639-4d82-a601-2642d316d8a5
KDX0907-0008,f6edef03-312b-4825-8fa1-9bd785d32cff
KJX0984-0005,b88379c2-629e-49a1-81f5-d585ed75cf65
KJX1730-0001,c192140e-31a3-437d-a734-65559cfeaed4
KJX2492-0002,c76cc193-4476-47f3-abea-e29b0427bec6
KJX2962-0005,d4b2d886-915e-49e6-b075-c19ee223e98c
KJX1482-0002,d22b16a7-09e6-416f-92ad-2e548e5b1047
KJX2195-0006,c26f7aa6-4302-4f09-a555-210794e519d9
KJX2962-0001,2e8c725d-484d-4b30-be28-bce25c1ce50e
KJX3642-0004,564b106f-2f72-4671-89fa-f3d52e2ca9fe
KEX1195-0012,6cdbf09b-82e4-4c79-88e7-8d4dd6f93bab
KEX1218-0001,5387468a-f816-4c85-a962-5dbf4b7aad2e
HEX2823-0007,7839462e-c8cf-40cf-844c-811758f4a692
KEX1214-0006,abaf90e0-7ab4-42d5-ac7a-aa2a0bf7ad34
KEX0561-0005,9e9beed3-3d04-4294-a023-1e584f53a5e4
KEX1229-0006,5f49cec6-bef1-4984-ada6-1b3fe74099fa
KEX1325-0018,1f0d7ab8-80b2-4ffd-bb1b-8305eed8776f
KEX1229-0013,68993fb9-7eba-45d2-91e8-8b38abbe1c5a
KEX0561-0010,85342a8a-03e7-4107-8780-923b76f1b33a
KEX1406-0005,98c22bf0-f525-4912-aed6-516f848e56e1
KEX1088-0010,f8d318b2-5777-4d70-aa9c-5647c0636497
KEX1088-0006,1a7ae991-71e4-4472-927e-16c07c3da17d
HEX11448-0006,c42928a6-e270-4696-9887-aabcb6aaf54a
KEX0653-0001,c7d7583a-f87a-4fab-864a-a87b9d781bcf
KEX1325-0017,7f503bfe-a957-4ac5-9f0b-73cd945ff4ea
KEX1205-0014,1d0204d1-8dc0-4102-97b7-ebf76ff786e7
KEX0756-0005,83168a50-1704-4808-9f64-ee5e22213149
HEX1763-0007,91ca6087-14c9-4ed2-ae3e-7112d41ec303
KEX0252-0006,9acf9547-f5d1-4299-beae-d87a872d39cc
KEX0351-0005,6922cf7b-936f-4fc6-bcc0-ee3a36bf35b4
HEX0427-0001,c8bff226-744b-45d3-bbd0-7aff68e4d954
HEX13637-0001,18444634-af3f-4f49-b635-674e011e77d2
HEX3281-0002,387f7935-bc59-4943-8eb2-fc92d3c240c8
HEX3281-0007,93700954-3cbd-46b6-a112-9483810374d8
HEX2946-0005,e7932cf4-36d2-4469-8842-494e234bebf7
HEX9197-0009,c1ed74fd-0a35-4aba-b388-2bbdc88690d5
KHX1079-0001,f049ea45-07e8-45cb-99ba-e5405e31983f
KHX1726-0013,9ab8369f-04f4-4111-8698-eb1bec8ec5a2
KHX1767-0008,349f5f71-7db5-451a-bfb1-af179ad1858d
HEX14684-0007,1383777a-75bd-4016-b6b2-6fc52dff3303
HEX2414-0004,c6d4b703-7fd1-4e92-ac7b-125d59fbdcd0
HEX4569-0002,38e5bae7-9441-42e1-b222-2f302377db89
KHX0739-0015,f0c884d4-b40f-46ab-a718-40e21209e3b8
KHX0762-0008,aa271e5a-105d-40f7-a7da-91ac5c69a1fc
KHX1372-0014,c30e5763-a286-43a6-a824-50817c237585
KHX1657-0007,ccbe1478-947d-400e-b4fb-b49757064e8a
KHX1767-0012,cb5656d0-2259-4774-abf1-ac8465179d16
KHX2490-0002,b85289e9-d066-4d5c-a8a5-1ac56a9b7216
HEX7234-0014,f3618328-27ab-495f-b488-a677ebd1f30d
HEX10294-0002,0ecd51fd-0ec7-4f8b-bd75-53e5827941ae
HEX11156-0006,71e322f5-4354-42b4-b205-a06329f7a094
HEX12632-0003,4617330f-3a95-417b-acfd-bc79ac95b037
HEX14211-0001,1269439d-645e-4e2d-941a-ea12721adc80
HEX14433-0002,ed7bfede-f276-4e02-b493-22f2a5b442da
KHX1642-0007,9ecee5e9-d2ee-46d1-9189-7f5fceed771b
JK150393-0010,ee6a23df-7b90-41b7-8923-0f1fbcb90aaa
KHX1641-0002,0cd5f149-3955-4670-a1be-a899260ed928
KHX1641-0001,8c95a47a-d129-4f94-b22b-19b8ea22e623
HEX14324-0009,cbc1a3fb-4ea9-403a-972c-72b84254d36a
HEX5150-0004,0de4e56b-567e-43f8-874d-9cde12d02248
KHX1330-0008,d5f80866-48e3-48d4-ae1e-e64106a6f882
HEX4180-0005,b5e2192b-006a-4c0a-937b-ba8536905f0c
HEX5150-0009,fcfba2b8-33df-48bf-afd6-f9ad8b2e44d8
HEX14211-0013,91ac55cf-050f-4525-8cbc-c003a4539454
KHX2325-0002,e6fb9e83-b209-4c4f-a060-def3f088044e
KHX2325-0003,edbe1c18-9fb7-4120-9da7-82d178f7e976
KHX2325-0015,36d19600-f4b1-4a19-810b-0054749e0f7c
HEX10245-0027,7ebbb38b-1413-464a-b341-fceb46bd5cba
HEX10245-0031,9dcdb98b-d8d5-483f-9ad5-9691cf889969
HEX3136-0005,8b28a9a4-f49e-4e99-b1bb-973e231acb09
HEX13706-0009,a3e7df4e-d5e2-4e7c-a4e9-3408ef99deb0
HEX14593-0008,38141c8f-ea6b-44c5-b8b1-ceab2f76cc4c
HEX1640-0008,bd2e936d-4b82-4ca5-a6dd-5c45e7f2a550
HEX7767-0003,2a418360-3781-4a3f-b190-e13a485cb79b
HEX4950-0010,812e46e2-b5ca-4688-be29-09b920cb63f6
HEX1640-0010,a18d244f-f38e-439e-977e-5a2fdcf86b18
HEX3875-0001,9dcf3abe-41ba-4c86-aed8-428496804be4
HEX0230-0001,6f7d1e7d-b5b1-4c14-b594-5e8f647555f8
HEX0425-0005,504d1082-77bf-4386-b453-d1e95465a585
HEX10861-0002,6b7da430-ced9-47d8-a3dd-905b619a750d
HEX12967-0006,9902b852-b125-4e3e-882c-fcb4f762242a
HEX1493-0003,1b1a1b85-67ac-410f-b615-03ab2e18144c
HEX1447-0006,74568c8a-6148-408b-82f6-d4b93786169b
HEX1903-0014,320bc4c3-55ec-480d-9be9-ede4057b3862
HEX2517-0007,e2f9396b-e3f8-47a5-9b47-24357f7ba677
HEX8638-0016,d4a3b7cc-8e6f-4d10-804a-e8dd21935119
KHX1236-0010,71fd1604-7adb-42c9-b0ce-95db94b6f122
KDX2610-0009,bc74dbae-542a-4002-88a8-43547d08c806
KDX2644-0002,c3b5107b-5fe8-4ae0-ba6a-cd80234a0ba6
KJX2199-0004,e8ae0819-fad2-4139-87d6-eda468890c28
KJX2504-0009,5cb948d6-2445-4203-b8ab-c730b2532846
KDX2644-0001,7529814f-645b-4375-9aa9-915950f3ddd3
KJX2708-0003,97620eb8-c354-470b-a32d-3b87d50381e2
KJX3797-0005,5746945f-ae35-4470-bf23-14a11aeff9e9
KDX0907-0001,bfd2150e-7f62-4843-a686-f9af48b10d25
KJX1482-0001,23cca2ed-602c-4bf3-9fa2-878a05e67272
KJX1730-0007,dfbc540a-6e59-41e4-85f6-8a695bb1ac40
KJX2708-0009,ff14aaf8-02ec-42b8-a4f8-22f48935856a
KJX2199-0001,0abf9e9a-c7e7-4aa5-aa7a-374f6682ecab
KJX2504-0001,c8652150-a736-4f69-90be-6389db19ffa1
KJX2504-0003,c798800e-4125-4667-b4de-f0a3eeb847b4
KJX2504-0014,dc63dc58-c8c9-4081-9089-6e84e7dbdcd8
KJX4471-0002,ddc25fae-f445-4e71-9369-fd99d9b3e6ee
HEX9378-0003,7a5045c3-bc8a-4bd9-bf1d-4bb97339e307
JK231055-0003,da46c8e1-31b9-4a5e-bab5-28e8efc91316
HEX8631-0001,c3296097-df8a-432c-933e-5c427c8c4325
JK146138-0006,3cc5eaca-3ff7-4840-93ca-e20d4da1752c
HEX8728-0011,c54245bd-b771-4e02-8ca4-b4f4842845e5
HEX9378-0004,57094693-e8bf-420d-a750-07325d1f687b
JK117515-0001,51eb4b59-6711-4dd5-93fb-eb13fbce1251
HEX9378-0009,99219096-55db-4063-8de3-fee08ad627ac
HEX4063-0007,7762d4e2-83f6-456c-bdb4-903580666df1
HEX14100-0016,e675c27f-142a-4a0a-b1bc-da6b351ea24f
HEX2410-0002,c36d350a-984f-4083-ba87-895cc2d5ce3f
KCX0931-0004,a0f3fedc-b0ff-4fe4-b6cf-974c1ef56c88
KHX1091-0007,0d8812c8-6dab-4ab4-bf46-24a1df397576
KCX2321-0008,f4d0358c-637b-4c6d-9b7a-88751046e2c7
KHX2803-0006,2cee829b-6290-40af-9d05-4eb472dffc9a
HEX12104-0002,48343eae-be7b-4000-a198-0790e776aecc
KCX4255-0009,fdcb997e-dbad-4baa-b04f-96f0a60c26c4
HEX7293-0002,ae057d00-a6a8-4605-bbfd-69e55f949317
KHX0327-0002,c2c3407a-66b6-4f40-b2d8-a715382935d1
KCX1773-0012,b1773aac-e2f6-4a6e-b2aa-718e7cc7cd51
KCX2223-0002,4e5e3ec5-a960-4a3b-8e64-e93e1058fdd3
KHX1990-0004,68d595e7-c032-40ed-97cb-00fa23861b93
KCX3947-0002,dd090661-0dcc-4bb7-8c2c-9bef00da7d88
KHX0673-0004,886e0d98-6102-44eb-9b3b-3b8107d60899
KCX3795-0003,100a237d-3127-47c4-856b-d3a3384cdd1b
KCX3947-0012,efaa97c2-ab3a-494f-b62c-f5e9aeac6240
JFX6071-0010,68102a79-9f67-4887-a1b0-4b250c508800
HEX12393-0006,583fb7c3-e2ed-4daf-a980-64573c14f1c6
HEX13749-0003,83470dea-fc85-4d16-b044-085fa86483eb
KHX1091-0013,b1d06148-bb29-4b8f-a1a1-1c77c2abecbc
KCX3729-0003,7421e570-060c-4e75-9917-6da4ed8d2c2c
KHX2775-0008,ecd64c5c-1a1c-47e0-b661-987ef5e8c07a
KHX2775-0013,73674ba1-7e2f-4157-829b-357d372ab09e
KHX2434-0010,c53af8c2-c4c3-4bc0-aefd-bacf413e3f1c
HEX8631-0004,e7479f9b-6f52-40a2-bfa1-09a330752983
JK146138-0004,85217d1c-1529-4024-af72-bc2609cf9679
JK146138-0001,e31ab632-5144-40bb-860b-c57f3af094e8
HEX10042-0004,6a959e89-d361-47ce-87bd-dc2b807b9889
KHX1192-0007,468806b8-34fc-4a14-930e-61f6dc80699d
HEX6529-0012,cc1e8ee6-021b-4474-bebb-9df788300ec2
KHX1818-0013,f09385f7-e5ad-4fae-b318-03d0337c6139
KHX2775-0018,6271b473-6ba9-4b41-9041-cd1ca943f46b
HEX8729-0012,a01c0b75-2976-4bd9-844c-abde5d20be74
KLX0896-0013,ee0ea965-763c-479f-9ec5-9739f4e1421f
KHX2775-0015,61ccf727-6415-47b2-85ee-113b437452e5
KCX3266-0003,14576135-2094-4d09-b1d6-9e2364f4f2b9
KHX1818-0005,ea7ca587-08e8-4733-8eba-fe2187641575
KHX1204-0002,0f1995d1-0cb0-4006-979a-1980c159be93
HEX6962-0018,3b81760a-ae6d-4fb3-98b8-058e8fb00595
HEX9872-0006,0c5cc6cc-b3b1-4113-85b6-5c63cf44dbdf
HEX9872-0010,ba538467-b93f-4c86-982d-eeb8e9872bb8
JK103253-0019,a29631da-6549-49af-ba63-95bb7aee91a0
JK233776-0012,7c385d36-ac61-4934-92af-40371e43f75d
KHX1763-0016,c6bea1b7-dcdb-4d86-8fa8-d6a4ab1c68f7
HEX9872-0009,b5563890-da17-4289-8859-d56cdf78e4e1
KHX1079-0004,8990432f-9232-4dda-ae97-dc694e281d83
KHX1709-0010,2237a26a-7187-42a0-8c9c-1ed0c4af9934
KHX1079-0009,614d92a1-a52b-48aa-95f4-66a918ffcf07
KHX1079-0011,bb6642b6-90a6-4fe6-8e80-21d216b9a361
HEX8777-0004,1b684650-60e1-4e15-a6dc-df66eee2d26e
HEX2946-0003,06622299-146d-451a-a35c-1a44aeb41a50
KHX0762-0007,51c3e5b7-5978-45b6-8628-4a61d95a09e0
KHX1657-0012,c90ed107-b5d3-48fd-a7be-7ef267232da7
JE29203-0005,327dc4d7-2074-42ba-b1b1-35bc95c6b06b
KHX1657-0003,bad490ad-7e9d-4de4-b893-e45927bf5f01
HEX9317-0004,8e2230d7-ed19-42b6-8f43-2d455b6be95f
HEX9197-0004,e0e4b2a7-0406-4943-814c-e0f417f51f12
HEX9872-0011,5b539434-9f4d-46c0-884a-4f9cf6ec42fa
JE44666-0004,5526ce22-9ac3-4e99-9480-fb1eeba0e587
JK115534-0006,cdcba75a-014e-4141-af0a-51616ebd9443
JK225655-0004,8cb8ce12-9a1d-423b-bc3d-dd838f18b912
JK244130-0007,cf789ffb-b50a-4bd2-aeb9-921d797b1f6f
KBX1556-0008,cdf287db-625c-462d-9cb5-abba098d6540
KJX3313-0004,8693fa5b-6c7d-46b6-bfe1-c81c68529d26
KJX2539-0006,2f004730-19fa-49e6-8240-0517aeb53142
KDX1581-0002,456da3b0-2215-486d-a2f0-d811765a04ba
KDX1411-0007,ecfa1f3f-89f4-417e-bd0b-b308a4aa66db
JE46032-0006,09a42912-f95a-43a9-b6b5-66673dc5c96d
HFX8310-0012,bcf4d00f-fa14-42ef-a8ab-da4241a3d26f
JE31118-0001,e06bcc81-7d43-4096-bebd-f25a71027ff4
JE43131-0001,93abb8c8-bf52-4c5a-8567-a8a4ffb981a8
KCX3604-0012,977a5f81-7ee4-49f7-85ac-0276f8ccec7d
KDX0090-0014,96d6822a-1b48-4478-8c5d-1ffde0624c0c
KLX0650-0007,62cd51cd-fc88-4625-9834-533ff04976f3
KJX4389-0004,bf7e8df1-b03d-4996-8b86-a130d78115b4
KDX1899-0027,735f8365-09b2-4f6b-99b6-e8d4ab1075b3
KDX1382-0004,41390002-b83b-41e9-8df8-7db569dde337
HEX14866-0008,d25aca95-0935-4108-90f9-44b1dfbb943f
KHX0030-0022,d34d3d30-2aec-44cc-8176-d86f9907b73c
KHX1477-0013,7b8c9caf-1266-44e5-b76e-ffeba2c3c07c
KHX2509-0014,b42f46e3-701d-400d-be66-540c171cc843
KHX2981-0005,7ac5bde9-7c1f-4c7b-95ed-7e648e79295e
KHX2177-0007,493009d4-e91b-44b2-b783-6ede57241cc6
KHX0756-0010,646cdb7d-8767-4eb6-b51f-a6a8def9b47e
KHX0863-0019,e765e7ed-7f7c-4fbf-b965-051683001fe4
KHX1107-0004,e0c395d1-d0b4-4d9d-a4bf-2cc978677e09
KHX2667-0003,5fa4bc40-f2ff-4249-80cb-ab57cee96112
KHX2981-0015,03f286a5-ddb3-480d-8e82-32889595a058
KHX0863-0018,0ed93d77-f405-459e-a1d0-799fa015e459
HEX1491-0013,7b1136c6-f90c-4e01-94da-4b99b44a3da5
KHX0231-0003,f57646b6-b83c-4bc9-834f-8d736376a550
KHX0102-0013,ee4ce564-1293-4b16-984f-2816d0400253
KHX0657-0004,a39132ef-9a50-421c-a768-fcfbbf88e1ae
KHX2177-0008,948439e4-c15a-4535-8bc3-801dccf04f10
KHX0102-0010,9e007dc5-380e-4ada-81e3-436ac6b7e90e
KHX0232-0008,6f43e0fc-d47d-419e-ae07-343937e414c1
KHX0625-0014,69c52d25-bfc7-45eb-b866-dbbbd82471bb
KHX0657-0008,458b97a4-5f75-4606-9e36-da385e3016ae
HEX5372-0003,1c3d5f09-ed71-49b9-9227-f47c28e3c10c
KEX1218-0002,cdfbb190-2eab-4333-8257-bf9518c1cace
HEX12385-0011,a342ea6e-50f6-4980-b16b-ecea2f09d602
KEX1391-0010,9f91f35f-0890-4f15-9e48-4f1c22d20ec2
KEX1229-0012,2b56770d-7566-4bfd-97d9-b242a423dc22
KEX1215-0003,8335f708-f5e3-4c38-9725-0826820b051a
KEX0626-0007,065e61ff-609b-4852-a47e-5cc8f89afff5
KEX1325-0014,9c7eb593-7ef8-43a3-a6c7-30b5f7e713f8
KEX1172-0001,07ab93de-b694-4a43-aa7f-72e6f7841f8e
KEX1252-0003,3b91bf9a-faa5-4ba3-90ee-a86bedcfbf76
HEX15200-0005,227812e9-c208-403c-b6dc-cfcfd61a84c6
KEX0130-0007,5c6a98ba-2e73-487a-a9af-68a88f764221
KEX1490-0006,f7871d74-b5d1-46be-8a79-674a80f4189f
KEX0440-0003,c7fa0f73-8b83-4b89-b547-8aa07e9d6bdd
KEX0828-0011,84fc336c-f437-48e2-b71c-16e0546fd622
HEX6119-0009,18bdf231-12bc-4206-9f70-e4b2415d5f3c
KEX0149-0006,fad363ad-0041-4bf2-8007-2edd245c1c9c
KEX1085-0015,4b75a0bf-91ae-48de-97ac-9243858f5df6
KEX0149-0002,0b1954ef-513e-4b26-b2f1-7dda80580f6e
KEX1179-0007,d3251b82-1222-43ba-8969-18ad1413b64a
KHX0442-0013,3209e232-8254-45f2-848e-07a6653e4b5f
HEX9039-0004,aefba8f6-72a1-423a-87fd-9988bf0daeba
KHX1817-0010,a3acd986-e515-4797-9e86-ea08372671ef
HEX3864-0004,ee6dc85b-2728-4781-8661-6b507ca4a958
KHX2042-0005,1a8a9d36-658b-4c4e-bc16-e62c3b65364a
HEX8434-0005,28ab9020-ab9c-47a8-9107-b720201a21dd
JK229881-0009,4bfbb849-2d23-4eee-957c-5bcc83af559d
HEX7622-0005,f132d511-9994-4489-938d-743289761530
JK162271-0011,99f48bbf-a677-478a-a2ad-ba1edebd3118
KHX1953-0007,8595caa2-1241-4922-b708-f7dce49c9ccb
HEX2495-0003,cab99d17-e3a3-4eb4-8086-c33e737dd55a
HEX4070-0008,9fbf21fb-078f-4508-b5fc-53620aec2b71
HEX13971-0007,c9158ed5-e1f7-4c11-91a8-34f3d96b79af
HEX6574-0004,a7d189b1-aedc-4239-a6ec-07f7eedd6d3e
KHX2422-0129,fc83318f-f3c7-46c3-9e99-63289c0950de
KHX1120-0010,0cf91f79-a013-491e-b8f5-52932297c8c7
KHX0012-0014,ddeb9b47-9a6f-4bf8-b595-003e8abd425c
KHX1333-0011,564139fd-271a-474e-8bc1-d36fc7675ac9
KHX1477-0011,d2812662-572b-4e7b-9151-41e5bd8a09cb
KHX0249-0001,426fd56b-dbc6-4d7a-96c5-cf540254e9bd
KHX1107-0013,a36bab28-d8dd-4985-95e0-d0e481db866b
KHX2790-0005,3cce6567-ad8d-40e6-aecb-47069a4d1ddd
KHX0231-0011,aed823df-3a0a-47a3-8e47-750a98404d55
KHX0863-0005,cded9a7f-ca67-41f7-a38e-81142cc5e313
KHX2981-0003,a41efb04-3e67-4e91-a728-af25976f698b
KHX2667-0007,34137899-661f-42fb-8d96-a6efe01e47ec
KHX0863-0024,543a5ee6-e406-4321-8166-c0397161156c
HEX1491-0004,f1a5de29-671c-47d9-a201-e7169a58d45a
KHX1690-0001,d4336462-76d7-42b0-8295-1d1b008c2f96
KHX0231-0001,9df89167-46d3-48a8-86c7-729e96e10495
KHX2790-0007,44be66b6-9e90-4609-ad0f-158f93738752
HEX1491-0002,f9c73c04-9c8f-4ea0-8943-674b09b98d28
KHX2177-0006,51c4d029-74d3-49d3-a57e-5d05a19a1cbe
KHX0625-0002,e83b9bc4-3251-4748-907e-08d1e58cad62
KHX1690-0008,5272773b-5606-4e79-b820-90f46dbba4b5
KHX0667-0013,5439f7d8-d51b-43e9-8321-8bd97b7f96e1
KHX2177-0005,d5e4e1b2-221b-44d1-8c0b-d3c8433d4937
HEX0964-0002,3a53e91a-a56e-48fc-af0f-5badce390f7e
HEX6077-0007,783ba1e9-b73a-43e6-8c33-99b5a50f9527
JK86926-0005,6534fe54-0115-42ea-a9e6-7450c47b1019
KHX1028-0001,7d22fdd4-1610-48b0-a733-1a280c4e0320
HEX7516-0001,a18f2957-4e30-4900-bd5e-56847821532a
HEX7566-0013,e468a52c-cc74-4cc9-be50-6b62616d1895
JK195820-0008,d63fa61c-517d-4050-9d64-af3b50334de7
JK220615-0010,e762f156-96ff-4acf-85a2-f12916745d27
JK187704-0008,e2f86bec-011f-420c-81d9-00239ecfd9c4
HEX11582-0030,d4538b02-3f7c-4356-b31f-a54ff78674c9
HEX1617-0005,5b5d1ed5-1d15-44a0-8892-fa5ce0eb4823
HEX4527-0005,5829f7ab-18cd-4255-9686-3866202e1a44
HEX4518-0016,5894ceea-6206-4280-8d59-3233ff8a384c
JK236470-0006,f3385f00-4731-4ac4-8475-ce778aa63cda
JK220615-0002,34710abc-dc7d-4145-8141-d83abd29f431
JK220615-0008,5aa07ade-5a3d-4d0e-a842-479eebeb1e90
HEX5849-0013,479c8596-7162-42d7-b7b4-8ae057442859
KEX1301-0005,283fef16-b805-4fa7-8c14-fce159627983
KEX0676-0002,99218f8c-2873-4097-b78b-d155031b8c72
HEX13950-0004,7f340ecd-b10d-4d5a-a5eb-0aba5546b6a9
KEX1218-0004,d1cc0504-94ba-4496-a064-db174bf8bfdc
JK54106-0005,9eca9948-d390-417d-8cc1-d499fdb5585a
HEX13214-0001,3d5fc139-f17f-4e84-a606-9e79a28d3eb0
KEX1229-0008,0d94c7d2-1068-4f06-a69a-5b224f37b450
KEX1420-0005,8ebea8fd-b495-4994-b5ec-ca7727f01573
KEX1420-0012,ea35ca38-0fd1-43f8-8c53-8d8785c21447
KEX1325-0006,ce4441b3-031b-4019-ae6e-6dadc92cede3
KEX1259-0007,c2ff60e2-9c6a-4744-b100-3fb92d765fb2
KEX1447-0007,126bfbf2-de19-4e06-a80b-ae83cded9d14
KEX0214-0001,1388ce68-c448-4233-a483-2cd196e72c22
KEX1472-0012,bedd4ae3-f1cf-47e0-b1ca-8f4415451e7e
KEX0252-0005,719f43fb-7405-414a-a7eb-96a1ad7b44c6
KEX1689-0003,5cb6799c-90b3-44d5-99a3-79a80551d6cd
KEX0828-0005,70eeb18c-3892-4f80-9311-fc391af9c038
KEX0130-0004,a2fd8339-876e-4807-8f10-b0e4901357fd
KEX0676-0005,5e684443-7610-4dca-8058-cf668aefa576
KEX0868-0002,33d87414-bf56-4dbc-b423-a51f6d0b4313
KDX2385-0011,2f373cec-d001-4309-b2fc-79d0b9b395c8
KDX2345-0003,6570040f-bf15-473d-bf7d-6efd34bc7433
KDX2202-0001,6cfe4030-ff48-4013-92ce-b8f42a24905d
KDX1314-0009,47c5ccbd-173b-4907-a5ed-73ad498b86f6
KDX1314-0003,bfe51e5b-dd66-4453-8a0d-909b33618382
HEX7525-0013,e4a781af-b9d3-4c83-ad3d-61551d724594
JE33601-0007,7c102622-27aa-445f-a610-ad9c2f4c889f
JE44762-0008,62bdee2f-975c-4566-926e-afa6979405bf
JK243278-0001,26a5bcdc-0d81-4a63-9e0d-8842eb3b76df
KDX0736-0004,a33108fe-6a01-41f2-81e8-3bfacf9e0007
KDX2716-0002,e5ae65cc-5820-4df8-bee2-9877af629e37
KDX2429-0003,f4cf10c8-7b8b-43a5-8774-fcec1ecea360
KDX2400-0001,6b03e828-ba66-4c4a-881a-8d8f3cd92f4b
KDX2059-0001,49e14eb7-40d8-4b68-8c67-ab338c36edae
KDX1781-0003,f33ca740-d08d-4523-8779-b0bd6ce89ef1
JE13995-0002,7f0674e7-e1f3-4af8-ad90-94d5b605ca73
KDX2033-0008,707e6109-9425-4c26-ac2e-af7c066c23c8
KDX0250-0011,0d90f253-cccc-4920-9ca6-0b53ded88589
KDX0250-0006,1a53560e-d578-4f82-8fc1-56b500a4ac54
HEX11869-0002,ce4fba81-e02a-4986-8878-500812ee8b12
KHX2055-0007,805ed061-526a-4aff-8a46-68f2ac146e32
HEX11869-0011,57a3ecf7-88f8-45ef-9d56-fdd461d82db1
HEX8517-0001,a44cb4df-4ad6-4780-9dea-1cfa9271ff86
KHX2055-0017,967d07ee-6232-44eb-933b-580748cda0a0
KHX2007-0005,5825763a-9d63-4295-a685-d1712347bc3b
KHX2007-0004,7a7e5ff2-2518-4770-9aae-71bc917359f6
KHX2055-0013,84501a28-d48f-4ec2-86b3-e47d44e389f2
KHX2055-0014,ce49e9ea-972f-4fea-a604-442b6c0207ec
KHX2858-0011,88c87283-263b-4b98-853b-0e456c0b6069
KHX0682-0011,2eef5ac4-845e-4b47-b94f-78ebe0e483b3
KHX0682-0001,97fa9df9-9a68-4d54-922e-3aef8d2dc30f
HEX8517-0006,daf930fa-ae5f-4d99-a457-0a884e9c846f
HEX8517-0014,e13791b5-04b1-4984-b0e6-879cdf86f3da
KHX2786-0010,11eb21ee-c762-4167-9524-00f1fa91cf14
HEX8517-0008,dafdc1eb-7230-43c6-9de8-0a9ddbefd430
KHX1941-0006,874ed474-8c15-4f8b-a240-d6ba36c32aeb
KHX2786-0012,77f8518d-8808-4c60-9a79-a25a71c44412
KHX2858-0015,05148c79-7e04-4d86-86e9-f1db3def7af9
KHX2858-0005,bb8ec53e-29aa-499e-ad13-161a09ee214c
KHX1300-0003,f7605bf3-d463-487f-a060-1e16325a8c61
HEX13785-0011,c1977909-211f-46a6-9e2a-a57c4ebb0865
HEX12104-0005,5ac3dfda-45bf-4dbb-bd2a-9fe9a853ee59
KCX2238-0009,2cc23201-afd2-4169-bb7d-775288c5301c
KHX0032-0002,bd54fe4e-2b59-4a7e-ae67-e6570aa36c24
KHX2604-0015,b1676af7-1f12-4273-b70f-819805502aff
KHX2673-0009,6b865733-fb02-43c2-8085-8e0188a42965
KHX0863-0004,4c3898d8-daf3-4d35-ba3a-40de2b9dfa79
KCX3795-0010,e54fa626-f9dc-4126-adbf-24e9aa174ab3
KCX2321-0004,5fbac574-0fa3-4378-aa1d-a1a96eb06513
KCX4275-0015,edc021c2-cec1-4271-9345-87bc23d2d150
KCX1191-0010,fbf39c98-5674-42b2-a098-cea8d8a59868
HEX7389-0006,7faa0a6a-4a17-45bb-bef5-4a0746d7a323
KCX0202-0003,8fc2d2be-074f-44bb-a35d-a8d563ae224a
KCX3947-0008,37c71e20-b7e2-4027-a390-6908ea97579c
KHX1227-0006,ea31cc8c-c538-4dae-a11e-aad1a56cc446
HEX10042-0002,acd1192f-3813-48fb-8a25-227d84a0400c
KCX3266-0008,5ae27587-5f0a-4c05-9fec-275d64d39fbc
KCX3795-0005,b3f52da1-a64d-490c-bf61-cc55d1b0f214
KCX3939-0007,c8bac304-beb5-4b8f-825a-8c3ceb8671ef
HEX14702-0006,cc6932f8-701f-4c81-aa4f-3d88d3e53716
KCX3795-0012,82ea7197-aaf9-4602-b5ad-f7b2417c8025
HEX13749-0007,e160ca84-313f-4520-9050-4a06831b2b3a
KLX0329-0012,c25b9b0e-c9c0-4482-8f39-30226e8da5b5
KLX0718-0009,066dc493-0137-4594-b5e5-268bc73424e8
KCX1961-0011,aba9aafd-d3ef-43c9-9520-d09850f632e2
KHX2259-0009,e0c16c97-618b-47f3-81e0-27cce25b9485
KHX2121-0002,d144ab1d-44b9-4215-85a3-9bfaba458f0a
KCX1773-0007,797af252-10ee-4516-87cf-1739ffe93a56
KCX0961-0019,d1ae9656-d6d8-444d-9878-5ed070a254f0
KHX1601-0003,073f3048-9642-4c9d-a700-a577d0a12a23
KCX4275-0014,b9e55108-4801-4c60-bb34-ab31962d9bce
KHX1601-0016,e247a38d-f39a-4b0f-98f6-7b1e0e78415d
KHX2276-0016,4eb08d95-d852-4296-a2b3-75331321ddc3
KHX1887-0006,454d4a3b-ba23-4764-b015-875d7b684704
KHX2035-0012,34d74676-19c6-44ba-af37-069c1f08a57e
KHX2352-0010,49b5f88c-5fb4-42ef-8039-86b31e47fcc5
KHX0917-0010,102e0996-8dbb-41dd-9391-42d1a165141c
KDX2524-0015,2f2cafe2-3a52-42fa-a79a-0d1c14eaef71
KHX1326-0007,cc73b5f4-e210-4dee-9514-cc48442a562b
HEX8253-0011,06069519-76ee-4cc1-b61e-43be2547b9ae
KLX0329-0002,b815151c-8f56-442b-819d-9b734b80c2fa
KCX4275-0012,e27a2f6a-5bab-4834-b701-49c3900ce78d
KCX3780-0010,044f265c-7c53-4085-8dac-518e3d4114fd
KHX0170-0003,892326ca-a7c3-4f0f-90b3-5aff0c146a7f
KHX0282-0008,ee3db28a-04f8-4430-a341-62a6ef2bbf12
JK228384-0002,cc7e8e92-e833-4bec-82c5-ace1bd5e966f
KDX1550-0001,0f365709-6882-4370-b00e-47319b821157
KDX1573-0001,2fd8cb67-0701-470a-9207-5b87e142acbb
KDX1583-0008,ab3ca117-d739-4a98-add2-0dcb31ad3260
KDX2130-0008,ca0447ad-2663-46d0-98f6-78d76e5746e9
KDX2700-0008,bb03c8ad-b38b-4352-aba4-5c25e3e7e355
KDX2422-0004,bc1f8d7b-0ec0-45a5-9afd-bb07daaccb25
KDX2283-0017,795da3f5-c82e-4ebb-b67f-db5fb913a816
KDX2256-0002,92eddab6-884e-4150-b1f2-590efc0f066e
KDX1475-0008,bdf7994d-466a-4905-a213-9f262dd3f771
KJX2063-0002,a7f2227c-4e98-4321-a9e6-19045a54dd8e
KDX2464-0008,945346b5-e603-4271-a2eb-4de9ea6d1b3c
KDX2283-0019,a035082a-48b4-4911-928f-11fde587b21f
KDX2283-0007,7e9323f6-7810-4d50-8627-db67c5768c06
KDX2130-0002,1882812f-e977-4c19-95cd-78dce88c37b8
KDX1550-0002,489992f8-6692-444f-bcb3-ed6efaa8b693
KDX2449-0004,91349451-571f-4af2-b760-969f477ab5fb
KDX2283-0009,d1e1065a-6e57-4c8c-9797-7c1ccbf74701
KDX2283-0022,1bda58b0-2463-4d7b-a57c-0b653e48728d
KDX1550-0008,42637249-fc5a-4a84-a065-a2624cae358d
HEX13148-0019,9be85a35-a297-4a7b-87f0-666b56b3efcb
HEX3729-0006,4156c074-cf5e-4e01-bcc0-7f54274fff8e
JK212181-0004,8254d819-9ee7-458a-b626-839818b5ae0f
KHX2820-0009,350f92cd-0b84-4d6a-8b45-2f76916ca804
KHX2379-0017,13ce4347-9d89-4a6a-8e03-8331cac401ce
HEX5993-0010,ce8e74fe-6a7c-4665-9921-a457458c7303
JK239653-0005,caef70ac-45dc-4029-a847-ff639409d960
JK144207-0001,b2aa28d0-8e02-4cfc-91ad-c80a22fd92e5
JK235734-0004,809e0c33-afb3-4cfd-8902-ad91e5b696d8
KHX1976-0003,20836367-1c1a-4f9d-af6a-52efbd5c8d81
HEX13930-0010,ba7216cd-3b01-4d9d-9060-531f7f06ac3b
JK176290-0010,73d99ab2-7da9-4eff-ae55-d037aae0d0b5
KHX1161-0016,e0fbfed9-5228-467c-b9ef-b676202a282c
KHX2394-0002,efb52c7b-a1ac-4bb7-b9d3-0ade5b2f501c
HEX9036-0017,c3fd2465-a3a9-46c8-afb1-7615e4c8c41f
KHX2379-0002,74635afb-18fc-4ba5-9e19-fdd44aa8234f
HEX2152-0007,1e4627b0-84ba-45b9-808f-75b106c56551
HEX5646-0002,7805a0ae-0b7b-4efb-bb2d-149c844c470d
KHX2066-0014,ceb02793-e65a-4616-a767-6b20136bb479
HEX3729-0003,be76cdd1-cfb4-43ab-b2c6-279610e24681
HEX7201-0006,89b1043e-281c-414f-b4c7-2cf844a5c56c
KCX1663-0003,95e3b50c-804a-4c66-9094-77f821540b2b
KCX3442-0009,cf38250b-c5df-4899-abe0-837c6593f16f
KHX1546-0002,b923fb6b-b3d4-4c0d-843c-73e002c99a3a
KCX3442-0011,e84c5d09-8b95-44c4-8645-201240929303
KCX4121-0007,9eba82a5-a22a-4b8e-9e31-938d3ba485d9
LAX1940-0006,7bcfff78-550b-4d58-9118-d8a17f3ca9e9
KCX3378-0016,42f21af3-7112-42ea-bd83-48d64b4c8f64
KHX1893-0004,20b72305-fcd8-4892-b73d-0001af3e50b1
HEX12103-0003,0f9955fb-5603-4851-b4f4-3f3ce9bd6adb
KLX0453-0009,177881d2-6c94-40bf-be51-67bd70d65f0a
HEX10925-0009,e5a762f0-22f4-4075-a730-75d805023607
HEX12103-0009,e2affb2e-06d2-4149-90a6-70fa68092a3e
KHX2409-0016,6d7e4d82-a03c-4dcc-8a1a-f9ac9ef0eb5a
HEX12103-0006,38520371-8811-4371-b1f5-133dfd993747
KEX0587-0004,b9b7bc4a-c9d9-46e5-8d74-d3149461afda
HEX7918-0009,5785311e-b8e3-4edb-9305-f4ca6baaee52
HEX8253-0009,82724cb4-9589-44e1-8b10-8ed00aedcfb9
JFX6071-0009,1bd35fb7-1daf-4dae-b63d-5f7a3e639bdd
KLX0635-0006,d3410c86-d457-4c90-92a7-f37e2ee4f5da
LAX1940-0011,785846bb-274a-4b86-a179-ecd0ef9925f5
KCX1617-0015,f7ad40a9-7709-4658-841a-d4aa634df857
KCX1775-0007,530f16a9-0f3e-4793-bb66-780b5fec3e0c
KHX1546-0010,266fb84e-faff-4f55-926a-3f2d62ec61b5
KCX4121-0016,b8d94777-b8c6-49d0-ba51-5bc322354743
KCX4121-0006,a8916520-666d-46e4-8e98-38d0a1b5e051
KCX3378-0013,123a3ced-cf74-44a8-8f5d-2fa95e6c8c01
KCX3378-0015,44873c8f-b802-4dba-a024-04b86930906f
KCX3693-0001,44bfbf84-539b-4b5f-a629-24e733efea13
KCX3442-0016,d66d9836-b7d9-46a0-b436-3a9714b0eba6
KCX1663-0012,2a04c8a4-baff-4c13-b3d5-2ea954d3e5ea
KCX2790-0002,bbc94277-e18a-4cf4-bad1-ff3315cb5d36
HEX12103-0008,a6da9d1a-a70b-48e4-b46e-df02c4d6ae1a
HEX12103-0012,d32580a3-d495-4282-88dd-0dad1f01e53e
HEX12103-0004,37b5e1b2-8b71-4cfa-8e9e-3e2dba58ae69
HEX8371-0009,beebdf39-c508-4ebb-acf4-73f49c1e312f
KLX0517-0007,e671ae2b-d4c2-4804-9827-dbef6efb456c
LAX1940-0013,c80de4d8-6103-48a2-bdee-b991ff3c2b34
KHX1546-0014,f290b065-fef4-4fa0-ba60-8470d25a6058
KCX1968-0007,3ce2d803-f47b-4fd4-b029-c3732717986c
KCX3378-0012,b03487b6-c5e6-4b84-8eff-38af91d0caa5
KHX1546-0005,1601ab02-f049-4edd-aca4-c4ae4bcbb699
KCX1968-0009,659811e5-aea8-4ab0-98f3-e8b6952ce858
KHX1546-0016,e9e0cfcb-be09-4e0e-b2a7-4da47700d83e
KCX2366-0017,1a48d222-3237-492f-a1cd-c8b2868fb391
KCX3442-0018,945dafe9-b40e-426f-888a-b2d9860bb34a
KCX1663-0006,e617cdce-ae17-4c0f-afc7-aee2398a328a
KCX1775-0001,75cdc0e3-0c66-4bf1-b3ac-d85131c48157
HEX12103-0010,4ce10fab-da52-441e-8ada-ae04828f432b
KHX1546-0017,70bec18c-7db9-429f-b73c-60afefe65376
KCX1775-0020,2a06827b-564e-4e09-9680-e819128ec892
KCX3378-0009,27d1a323-f68c-47d1-8289-9c89d632c493
HEX11817-0005,6ec9ede5-1897-4149-a037-7e603b70a4a3
HEX6493-0005,ac927044-efee-4574-984f-df865ece8a7f
JK116690-0003,ee613b88-0cef-4940-93df-7127bcf484d8
HEX6493-0010,eece7423-ffeb-437f-93de-0fab61fe2933
JK182197-0007,b6619300-0bb6-4819-ad76-f13717ba0c61
KHX1546-0008,38264473-06fe-402e-812d-87b0ad2f31e7
HEX10925-0003,90fe0795-8cc9-462d-b0ea-2a0d241c8a54
KHX2207-0006,d75c0508-12c7-42bd-87e2-f499e42c5f16
KHX1776-0007,f30a0c10-c09e-473e-825e-5aeec27f89a4
HEX10925-0007,02b07851-fb1c-4ba0-821e-2807083e3d9c
KHX1646-0001,93b09ae6-3717-49e1-9ba6-6d19ad3e02df
KHX2207-0013,b84027a4-17b1-40cc-8f9a-2bf4da108f5b
KHX2409-0002,8f72d06d-ab71-43b1-8d79-06734a5827c1
HEX11817-0006,eaffcda2-f438-41f6-8711-dc0e85c296fd
HEX11817-0001,0353309f-3b46-43fa-8d71-b41ba6cdbc1c
HEX7918-0001,342f4800-57e7-40b9-96b8-632681213948
KEX0587-0005,37f0dca8-b349-4fc1-a9ca-077d94303d78
KLX0544-0003,90785e8d-7be5-4d03-8960-66d1fa9a1c6f
KCX1663-0010,bf5bb879-9890-40ec-8556-931687f14514
KHX2207-0012,9e468a00-92b9-4db5-9512-1766a53ff2a5
HEX10925-0001,2a185cc9-40bc-45cf-8aef-c08ff90ea62a
JK182197-0003,f313924f-f654-462f-950f-52d5682980c0
HEX7803-0006,0adf3c4c-c139-4e87-9ef1-f10a89aa0e8c
HEX7803-0012,4fb6e48d-a7a1-451a-89e0-5cc7bcb879a4
HEX7803-0003,5396213e-0b35-4485-b0f4-d0bfe54f688e
LAX1919-0007,7b365199-f241-484f-9824-e4698b187a80
KHX2409-0015,b259f399-12b1-4f9b-a706-8dec3a5d8b26
KCX4121-0009,ffc8d69a-f3ec-4cb6-81e5-279e1f77a637
KHX2409-0006,53c86d98-21d9-409d-b479-f698e69cd3c7
KHX2409-0013,427f84f1-7da3-4ada-800f-0a258589b698
KHX2409-0001,fa16f415-d248-4301-b091-c848c532a124
JK182197-0011,587ae558-790b-4b9a-a93e-49ba0e1906bb
JK182197-0010,380474b2-3617-4d9a-b22a-dd8257245733
HEX6493-0009,2ad9b1f6-0217-4109-b028-ec9981c08738
HEX7201-0004,7b8975ed-3d01-4f64-9e81-bcee4c0f87ce
HEX8371-0001,cfe84d18-6fb3-40ca-8824-e9e5281e10af
HEX8371-0006,42891f83-5362-4009-8a7e-d1b7fc190811
HEX8806-0003,669fa114-eeaa-406f-8281-de5f6f8ccd30
HEX9777-0004,5703a63c-9e50-406a-a239-1e95c736dcb7
KLX0635-0002,833e1063-4764-4114-826c-1ffe868b6803
HEX14745-0006,298d5e2a-9e39-4ea9-b47c-a51b2a54ee03
HEX7201-0007,2f7cb71b-c618-4d6d-bcc5-5f181b4c2983
HEX8371-0005,a489857c-6fe7-4668-bafd-1329aa246117
HEX8371-0002,a2a70fb6-0b76-4689-a5f2-a458ee04d1ad
HEX8631-0006,426d3f57-f916-4f13-ad92-c657b9bd42cd
HEX8806-0002,fefd1424-28ac-4afc-a008-8cb092db30b9
KCX4121-0014,30d4c2a4-1ebd-4bf8-9a98-fd89c2138f7b
KHX1546-0003,3258008d-a1e5-4f1d-9039-328a427ec501
HEX12959-0024,b779d373-3a94-4990-8ab9-7628b2bac4aa
HEX5980-0009,09970452-1028-4dad-b475-caefbf6dfc89
KHX2123-0016,8c312ba3-1897-41f9-a07f-85108a391b3d
HEX13026-0002,4f2ecbc5-a6a8-415f-9627-182b2e7eeebf
HEX1393-0010,9c7b8143-0352-4711-a8f0-84967898ab5f
KHX1357-0009,0537c7b7-7a22-47ec-9f30-741052a350fe
KHX1357-0002,d22a1d88-3f13-4865-ad1a-7c25b4560df8
KHX1357-0005,60a2026f-ec84-453b-bc74-b42fb4c72f3b
KHX0745-0017,d819b5ed-7601-4f1d-bbef-8bc908a9fff0
HEX5980-0006,90b3f519-c750-483a-a335-26b7d1494cf2
HEX9475-0007,2a02c39d-984b-456c-8fff-f652123ba03b
KHX2581-0010,72d5072f-a03b-4d90-aad6-8393d25a14f3
HEX12959-0011,8a3f3243-85e3-4efc-b64b-dd23bb433fc9
KHX2105-0020,952d83a5-77e2-4379-ac7c-2cbe5312c1ff
KHX1601-0020,6bfa9dd4-e1f4-4f1c-806a-af619be11c9f
HEX1201-0003,eea1f4e0-35a8-47b5-9111-4e387834433c
HEX9475-0004,6d3c097f-5ebb-4101-980a-8cbcbb17ed70
HFX10754-0019,5a507b23-0c5f-410b-acaa-db74a125185c
KHX1710-0003,5a75a281-9153-42c7-a142-49e9f8a1ac04
HEX8612-0004,58eb6a6b-d2ac-4ead-ae7a-bafc98f75a8f
